index,gamma,normalised_gap
1,14.13472514173469379,0.8887119300032525
2,21.022039638771554993,0.7666927785852902
3,25.010857580145688763,1.190336324558558
4,30.42487612585951321,0.6301779970562027
5,32.935061587739189691,1.226340108890418
6,37.586178158825671257,0.9487406785012497
7,40.918719012147495187,0.718196046728587
8,43.327073280914999519,1.4376311548026999
9,48.005150881167159728,0.5723995476212537
10,49.773832477672302182,1.052888418061167
11,52.970321477714460644,1.1793651386187116
12,56.446247697063394804,1.0135690711403675
13,59.34704400260235308,0.5306239895186089
14,60.831778524609809844,1.5467226179532583
15,65.112544048081606661,0.7321034242832244
16,67.079810529494173714,0.9296085577079277
17,69.546401711173979253,0.964509600637662
18,72.067157674481907583,1.4124312106262296
19,75.704690699083933168,0.5704874839616724
20,77.144840068874805373,0.8751064321180807
21,79.337375020249367923,1.442030280202936
22,82.910380854086030183,0.749393166022893
23,84.735492980517050106,1.1137488696122761
24,87.425274613125229407,0.5798831919414718
25,88.809111207634465424,1.5524414529194193
26,92.491899270558484296,0.9242563452278864
27,94.651344040519886967,0.5263427182050111
28,95.870634228245309759,1.2840444311440908
29,98.831194218193692233,1.0905412634591227
30,101.31785100573139123,1.0654306549163208
31,103.72553804047833942,0.7680341437096553
32,105.44662305232609449,0.772947285438315
33,107.16861118427640752,1.743003441600401
34,111.02953554316967452,0.3862892242423267
35,111.87465917699263709,1.120769120847014
36,114.32022091545271277,0.8802668456306217
37,116.22668032085755438,1.190668873493357
38,118.79078286597621732,1.206703553820333
39,121.37012500242064592,0.7430260674792462
40,122.9468292935525882,
